{
  "description": "项目配置文件",
  "packOptions": {
		"ignore": []
	},
  "miniprogramRoot": "miniprogram/",
  "cloudfunctionRoot": "cloudfunctions/",
  "setting": {
    "urlCheck": true,
		"es6": true,
		"postcss": true,
		"preloadBackgroundData": false,
		"minified": true,
		"newFeature": true,
		"autoAudits": false,
		"coverView": true,
		"showShadowRootInWxmlPanel": true,
		"scopeDataCheck": false
  },
  "appid": "wx30bea1d440379c7a",
  "projectname": "miniprogram-2",
  "libVersion": "2.14.1",
  "cloudfunctionTemplateRoot": "cloudfunctionTemplate",
  "condition": {
    "search": {
      "current":-1,
      "list": []
    },
    "conversation": {
      "current":-1,
      "list": []
    },
    "plugin": {
      "current":-1,
      "list": []
    },
    "game": {
      "current":-1,
      "list": []
    },
    "miniprogram": {
      "current":-1,
      "list": []
    }
  }
}